model_no,RPM_low,RMP_high,noise_level,water_cooled
20001,1550,1550,25.6,false
20002,500,1800,30.6,true
20003,500,2000,31.6,false
20004,550,2100,34.1,true
20005,650,1800,27,true
20006,300,1500,24.6,false
20007,500,1800,30.6,true
20008,1500,1500,25.6,false
20009,500,1850,28,false
20010,200,1800,0,true
20011,650,2000,26,false
20012,500,1800,30.6,true
20013,500,2250,32.9,true
20014,1550,1550,25.6,false
20015,500,2250,32.9,true
20016,1550,1550,25.6,false
20017,300,1500,24.6,false
20018,1500,1500,28,true
20019,1500,1500,25.6,false
20020,400,1850,28.9,true
20021,500,1850,29,false
20022,500,1500,30.5,false
20023,200,1800,0,true
20024,550,2100,34.1,true
20025,300,1500,22.4,false
20026,500,1800,30.6,true
20027,500,1800,30.6,true
20028,1500,1500,26.8,false
20029,500,2250,32.9,true
20030,500,1800,30.6,true
20031,2800,2800,42,false
20032,200,2000,0,true
20033,800,2700,37.7,true
20034,2000,2000,27.7,true
20035,2000,2000,27.7,true
20036,500,1800,30.6,true
20037,500,1850,28,false
20038,130,2000,23.3,false
20039,2100,2100,29,true
20040,350,1750,27.2,true
20041,450,2000,22.6,false
20042,2100,2100,29,true
20043,2000,2000,27.7,true
20044,1550,1550,25.6,false
20045,2150,2150,27,false
20046,1550,1550,25.6,false
20047,120,2800,22,false
20048,500,1850,28,false
20049,600,2500,23.6,false
20050,600,2200,36.45,true
20051,500,1850,29,false
20052,500,1800,30.6,true
20053,1550,1550,25.6,false
20054,500,1800,30.6,true
20055,500,2250,32.9,true
20056,550,2100,0,true
20057,200,2000,0,true
20058,1500,1500,24.3,false
20059,600,2500,23.6,false
20060,0,0,29,true
20061,500,1850,28,false
20062,600,2500,23.6,false
20063,0,0,29,true
20064,500,1850,28,false
20065,2000,2000,27.7,true
20066,500,1850,29,false
20067,500,1850,31.5,false
20068,500,2250,32.9,true
20069,200,1800,0,false
20070,650,2000,30,false
20071,450,1850,23.9,false
20072,500,2250,32.9,true
20073,650,1750,27.2,false
20074,450,2000,29.7,true
20075,1400,1400,0,false
20076,550,2100,34.1,true
20077,200,1700,0,true
20078,500,1700,29.3,false
20079,480,2400,0,true
20080,2450,2450,35.4,true
20081,550,2100,31.1,true
20082,200,1700,0,true
20083,2700,2700,22.4,false
20084,200,1700,0,true
20085,500,1800,27.5,false
20086,0,0,25.4,false
20087,800,2500,37.6,true
20088,400,2000,22.8,false
20089,650,1800,27,true
20090,2000,2000,28.2,false
20091,1500,1500,25.6,false
20092,500,2250,32.9,true
20093,500,1800,30.6,true
20094,400,2000,22.8,false
20095,600,2500,23.6,false
20096,400,1850,35.8,true
20097,480,2400,0,true
20098,2200,2200,23.85,false
20099,300,1500,24.6,false
20100,500,1800,36,true
20101,500,1500,34.48,true
20102,500,1800,30.6,true
20103,690,2500,32.8,false
20104,600,2500,23.6,false
20105,500,1500,30.5,false
20106,500,2000,34.3,true
20107,800,2000,26,false
20108,650,1800,27,true
20109,450,2000,30.4,true
20110,1550,1550,25.6,false
20111,480,2400,0,true
20112,600,2500,23.6,false
20113,500,2150,36.49,true
20114,800,2000,0,true
20115,500,1800,27.5,false
20116,200,1700,0,true
20117,500,1650,28,false
20118,100,2200,32.3,false
20119,500,2000,31.2,false
20120,500,1500,32.1,true
20121,200,1800,0,true
20122,1500,1500,25.6,true
20123,500,2000,29.85,false
20124,1550,1550,25.6,false
20125,550,2100,34.1,true
20126,450,2000,22.6,false
20127,1550,1550,25.6,false
20128,2000,2000,37,true
20129,230,3000,39.9,true
20130,2700,2700,22.4,false
20131,500,2000,36,true
20132,1500,1500,25.6,true
20133,2400,2400,37,true
20134,350,1750,27.2,true
20135,600,2200,36.45,true
20136,200,1500,28.6,false
20137,700,1800,35.2,true
20138,500,1500,33,true
20139,2150,2150,28.1,true
20140,200,2000,0,true
20141,500,2250,32.9,true
20142,600,2000,36,false
20143,500,1700,33.8,true
20144,1500,1500,28,true
20145,500,2000,31.6,false
20146,600,2200,36.45,true
20147,550,2300,36,true
20148,500,2000,36,true
20149,600,2500,23.6,false
20150,500,1850,28,false
20151,500,2000,34.3,true
20152,1500,1500,25.6,false
20153,0,0,24.4,false
20154,0,0,34,true
20155,0,0,47.3,true
20156,1500,1500,25.6,true
20157,500,2000,31.6,false
20158,200,1900,0,true
20159,1850,1850,27,true
20160,800,1700,30.8,false
20161,450,1700,25.1,false
20162,500,2250,32.9,true
20163,650,2050,27,false
20164,500,1500,32.1,true
20165,1800,1800,26.92,false
20166,600,2500,23.6,false
20167,800,2000,31.5,true
20168,350,1750,27.2,true
20169,500,2250,32.9,true
20170,800,2000,29,true
20171,200,2000,0,true
20172,1500,1500,25.6,true
20173,2700,2700,22.4,false
20174,2600,2600,22.2,false
20175,2700,2700,22.4,false
20176,1850,1850,27,false
20177,1550,1550,25.6,false
20178,350,1750,27.2,true
20179,400,2000,22.8,false
20180,2200,2200,23.85,false
20181,550,2300,36,true
20182,2150,2150,28.1,true
20183,500,1700,29.3,false
20184,500,1800,38,true
20185,500,2250,32.9,true
20186,600,2500,23.6,false
20187,500,1800,29.3,false
20188,500,2200,25.8,false
20189,1850,1850,27,true
20190,1500,1500,26.5,true
20191,1500,1500,26.8,false
20192,500,1500,34.48,true
20193,500,2250,32.9,true
20194,650,2050,27,false
20195,200,2100,24.4,false
20196,600,2500,23.6,false
20197,200,2000,0,false
20198,2450,2450,35.4,true
20199,800,2800,32.5,false
20200,650,1800,27,true
20201,500,2000,29.85,false
20202,200,1800,22.5,true
20203,500,1800,30.6,true
20204,200,1800,0,false
20205,500,2000,34.3,true
20206,400,2000,0,true
20207,1500,1500,26.5,true
20208,100,2000,20,true
20209,800,1600,32.6,true
20210,450,2000,22.6,false
20211,150,2000,25.8,false
20212,200,1900,0,true
20213,1850,1850,27,true
20214,1550,1550,25.6,false
20215,300,2000,22.5,false
20216,550,2300,36,true
20217,550,2100,34.1,true
20218,2450,2450,35.4,true
20219,800,2500,37.6,true
20220,400,1850,28.9,true
20221,300,1500,22.4,false
20222,2435,2435,37.7,true
20223,1500,1500,25.6,false
20224,500,1850,28,false
20225,1800,1800,30.8,true
20226,500,1850,28,false
20227,450,2000,22.6,false
20228,0,0,32.3,true
20229,250,2000,30.2,true
20230,1850,1850,27,false
20231,500,2000,38,true
20232,1600,1600,25,true
20233,450,2000,29.7,true
20234,500,1700,33.8,true
20235,230,3000,39.9,true
20236,800,1900,0,true
20237,2700,2700,22.4,false
20238,480,2400,0,true
20239,200,1800,22.5,true
20240,200,1900,22.5,true
20241,500,2250,32.9,true
20242,100,2000,0,false
20243,400,1600,33.9,false
20244,650,1800,27,false
20245,650,2000,30,false
20246,200,1900,22.5,true
20247,2200,2200,36.45,true
20248,1850,1850,27,true
20249,500,2000,33.2,true
20250,500,2000,25.8,true
20251,690,2500,27.2,true
20252,500,2250,32.9,true
20253,500,1500,34.48,true
20254,300,1500,24.6,false
20255,0,0,22.7,true
20256,100,2000,0,false
20257,2400,2400,37,true
20258,300,1500,24.6,false
20259,200,1900,0,true
20260,400,1850,28.9,true
20261,250,2700,0,false
20262,1850,1850,27,true
20263,500,3050,30.5,false
20264,0,0,0,true
20265,1800,1800,30.2,false
20266,1550,1550,25.6,false
20267,2200,2200,39.8,true
20268,800,2000,31,false
20269,300,1850,29.4,false
20270,200,2000,0,false
20271,800,1800,25,false
20272,500,2250,32.9,true
20273,650,1750,27.2,true
20274,500,1850,31.5,false
20275,800,2500,37.6,true
20276,100,2000,0,false
20277,500,2200,25.8,false
20278,1800,1800,26.1,false
20279,1500,1500,23.6,false
20280,500,1500,33,true
20281,650,1750,27.2,true
20282,400,1600,35.8,true
20283,250,2000,30.2,true
20284,500,2000,34.3,true
20285,2450,2450,35.4,true
20286,0,0,0,false
20287,2200,2200,36.45,true
20288,300,1850,29.4,false
20289,300,2450,30,true
20290,0,0,0,true
20291,500,2250,32.9,true
20292,700,1800,35.2,true
20293,650,1800,30,true
20294,500,1500,33,true
20295,200,2100,24.4,false
20296,2500,2500,0,false
20297,1500,1500,25.6,false
20298,2700,2700,22.4,false
20299,800,1700,30.8,false
20300,1550,1550,25.6,false
20301,0,0,24.6,false
20302,800,1900,32,true
20303,1550,1550,25.6,false
20304,0,0,0,true
20305,500,2000,34.3,true
20306,2400,2400,37,true
20307,300,1200,24.9,false
20308,500,2000,36,true
20309,550,2200,33.5,true
20310,600,2000,29.4,false
20311,600,1500,28.9,false
20312,800,2400,37.5,true
20313,200,1900,0,true
20314,700,1500,27,false
20315,800,1800,0,true
20316,100,2000,0,false
20317,300,2300,0,false
20318,500,2000,34.3,true
20319,500,1500,34.48,true
20320,1550,1550,25.6,false
20321,500,1800,30.6,false
20322,1850,1850,27,true
20323,0,0,39.5,true
20324,800,1800,25,false
20325,200,2100,24.4,false
20326,700,1800,35.2,true
20327,1800,1800,30.8,true
20328,1500,1500,25.6,true
20329,500,2000,36,true
20330,2400,2400,37,true
20331,480,2400,0,true
20332,200,2100,24.4,false
20333,690,2500,27.2,true
20334,1600,1600,24.4,false
20335,2100,2100,29,true
20336,250,1800,0,false
20337,800,2500,37.6,true
20338,400,2000,22.8,false
20339,500,1850,28,false
20340,500,2150,36.49,true
20341,550,2200,31.6,true
20342,550,2300,36,true
20343,500,1700,33.8,true
20344,1800,1800,26.1,false
20345,1550,1550,25.6,false
20346,2150,2150,28.1,true
20347,1800,1800,21.3,false
20348,2100,2100,29,true
20349,550,2300,36,true
20350,500,2000,34.3,true
20351,2400,2400,37,true
20352,2400,2400,37,true
20353,300,1600,17.6,false
20354,300,2450,30,true
20355,650,1800,27,true
20356,800,2000,29,true
20357,500,2000,25.8,true
20358,500,2000,34.3,true
20359,500,2200,35.2,false
20360,800,2000,24.5,false
20361,700,2100,35.7,true
20362,550,2200,33.5,true
20363,2700,2700,22.4,false
20364,500,1800,29.3,false
20365,900,2000,33.5,true
20366,700,1800,35.2,true
20367,600,2400,38.71,true
20368,500,2250,32.9,true
20369,480,2400,0,true
20370,500,2000,34.3,true
20371,0,0,36.8,true
20372,500,2000,36,true
20373,500,1600,27,true
20374,1850,1850,29.6,false
20375,800,2800,37.6,false
20376,2200,2200,36,true
20377,300,1850,29.4,false
20378,500,1850,0,false
20379,1500,1500,25.6,false
20380,1700,1700,28.3,true
20381,1800,1800,30.2,false
20382,700,1800,35.2,false
20383,500,2000,25.8,true
20384,500,1500,33,true
20385,200,2200,28.9,true
20386,0,0,0,true
20387,500,1850,28,false
20388,650,2050,27,false
20389,500,2200,34.2,true
20390,200,1800,0,false
20391,1800,1800,26.1,false
20392,500,3050,30.5,false
20393,950,2150,31,true
20394,500,1500,33,true
20395,500,2000,31.2,false
20396,2600,2600,28,false
20397,1700,1700,37,true
20398,800,2400,37.5,true
20399,1550,1550,25.6,false
20400,800,2500,37.6,true
20401,480,2400,0,true
20402,700,1800,35.2,true
20403,300,2000,0,false
20404,400,2000,0,true
20405,3000,3000,36.7,false
20406,800,2000,31,false
20407,500,1800,25.8,true
20408,300,2000,26.88,false
20409,1500,1500,25.6,false
20410,800,2200,33.8,false
20411,650,1800,28,false
20412,700,1800,28,false
20413,650,2000,30,true
20414,700,1800,35.2,true
20415,650,1800,27,true
20416,450,2600,36.4,true
20417,650,1400,27,true
20418,2000,2000,37,true
20419,300,1600,17.6,false
20420,500,1800,30.6,false
20421,500,2250,32.9,true
20422,300,1550,26.7,true
20423,250,1800,29.5,true
20424,500,2000,34.7,true
20425,2000,2000,27.7,false
20426,600,2500,23.6,false
20427,2500,2500,23,false
20428,2500,2500,23,false
20429,500,2000,33.2,true
20430,2000,2000,27.7,false
20431,1500,1500,25.5,false
20432,300,1850,29.4,false
20433,350,1750,27.2,false
20434,500,2000,34.3,true
20435,800,1900,32,true
20436,500,2000,36.4,true
20437,500,2000,0,false
20438,650,1800,30,true
20439,650,1800,27,true
20440,0,0,31.5,true
20441,0,0,32.8,true
20442,0,0,32,true
20443,500,1800,25.8,true
20444,0,0,39.9,true
20445,2400,2400,37,true
20446,200,1800,0,true
20447,300,1200,24.9,false
20448,900,1200,19.8,false
20449,2150,2150,28.1,true
20450,250,1500,0,false
20451,800,2500,37.6,true
20452,1400,1400,0,false
20453,100,1600,17.6,false
20454,300,1500,24.6,false
20455,2000,2000,36,true
20456,120,3000,39.7,true
20457,300,1500,24.6,false
20458,1500,1500,25.6,false
20459,500,2250,0,true
20460,300,1550,26.7,true
20461,650,1800,27,false
20462,800,1800,0,true
20463,800,1700,30.8,false
20464,500,1800,38,true
20465,600,1800,32.8,false
20466,2200,2200,36.45,true
20467,450,2000,29.7,true
20468,800,1900,0,true
20469,0,0,38.1,true
20470,2400,2400,37,true
20471,600,2200,39.5,true
20472,500,2000,33.2,true
20473,1550,1550,25.6,false
20474,650,2000,30,true
20475,500,2000,31.6,false
20476,650,1800,27,false
20477,500,2000,29.9,true
20478,650,2050,27,false
20479,250,1800,0,false
20480,500,1500,33,true
20481,0,0,35,true
20482,500,2000,31.2,false
20483,250,1800,29.5,true
20484,600,2000,29,false
20485,500,1500,33,true
20486,0,0,0,true
20487,2200,2200,38.3,true
20488,500,2000,29.9,false
20489,500,1500,33,true
20490,500,1200,31.5,false
20491,500,1650,27.8,false
20492,500,1800,30,true
20493,500,2000,29.9,false
20494,700,1800,35.2,true
20495,300,1500,23.8,false
20496,2000,2000,25.4,false
20497,600,1800,32.8,false
20498,400,1600,31.8,true
20499,500,1500,33,true
20500,2000,2000,30.85,true
20501,330,1600,25,false
20502,1500,1500,26.5,true
20503,120,3500,33.5,false
20504,400,2000,0,true
20505,100,3850,0,false
20506,700,1800,35.2,true
20507,120,3500,36.5,false
20508,500,1500,33,true
20509,800,1900,32,true
20510,600,1500,28.9,false
20511,800,1950,26,false
20512,2000,2000,22.1,true
20513,700,1800,28,false
20514,2700,2700,37.68,true
20515,100,2000,0,false
20516,2000,2000,28.2,true
20517,1500,1500,25.6,false
20518,450,1850,23.9,false
20519,500,2250,32.9,true
20520,500,2000,34.7,true
20521,300,1850,29.4,false
20522,1800,1800,30.2,false
20523,500,2000,25.8,true
20524,550,2300,36,true
20525,0,0,24.4,false
20526,650,1800,30,true
20527,800,2500,37.6,true
20528,1600,1600,26.4,false
20529,0,0,32,true
20530,2200,2200,36,true
20531,0,0,32,true
20532,500,2500,28.1,true
20533,500,1850,28,false
20534,600,1500,32,false
20535,650,1800,27,false
20536,600,2000,29.4,false
20537,200,1700,0,false
20538,600,2200,36.45,true
20539,650,1800,24.9,false
20540,650,2050,27,false
20541,2000,2000,31.4,true
20542,2400,2400,36,false
20543,120,1500,24.3,false
20544,500,1800,34.7,true
20545,1600,1600,36.1,true
20546,400,2000,22.8,false
20547,500,2000,25.8,true
20548,0,0,40.5,true
20549,600,2000,31.24,true
20550,650,2000,34,true
20551,500,1800,30,true
20552,0,0,0,true
20553,2000,2000,28,false
20554,500,1500,33,true
20555,500,1650,27.8,false
20556,0,0,0,true
20557,450,2000,30.4,true
20558,300,1500,22.4,false
20559,800,1800,36,false
20560,500,2000,36.4,true
20561,1500,1500,25.6,false
20562,500,2000,36,true
20563,900,2400,32.5,false
20564,800,1900,32,true
20565,500,2000,29.9,false
20566,800,2000,29,true
20567,2500,2500,39.5,true
20568,2200,2200,36.45,true
20569,800,2500,37.6,true
20570,500,2000,29.9,false
20571,200,1700,0,false
20572,0,0,34.9,true
20573,600,2200,25.8,false
20574,500,1600,27,true
20575,2100,2100,43,true
20576,800,1900,32,true
20577,750,1800,29.6,true
20578,600,2400,38.71,true
20579,300,1500,28.6,false
20580,0,0,33.8,true
20581,500,2000,33.2,true
20582,500,2000,32.2,true
20583,500,1500,33,true
20584,500,2000,29.85,false
20585,500,1800,30,true
20586,250,1400,0,false
20587,900,2000,20,false
20588,400,1400,21.1,false
20589,1500,1500,26.8,false
20590,500,2000,25.8,true
20591,2500,2500,27.3,false
20592,500,2000,33.2,true
20593,650,2000,30,true
20594,500,3000,0,false
20595,1800,1800,0,false
20596,500,1200,31.5,false
20597,500,2000,36,true
20598,700,1800,35.2,true
20599,900,2300,30.5,false
20600,950,2150,31,true
20601,1500,1500,28.2,true
20602,500,2000,32.6,true
20603,600,2200,36.45,true
20604,500,1850,24.2,false
20605,500,2000,29.9,true
20606,200,1700,0,false
20607,500,1800,26.8,false
20608,500,1650,0,false
20609,900,2000,26.5,false
20610,500,2100,31.6,false
20611,600,1200,20.5,false
20612,0,0,34.3,true
20613,500,1600,27,true
20614,0,0,30,true
20615,500,1700,35.5,true
20616,120,1500,24.6,false
20617,450,2000,29.7,true
20618,400,1400,34.2,false
20619,500,1850,29,false
20620,0,0,24.9,true
20621,0,0,0,true
20622,2150,2150,27,true
20623,650,2000,30,true
20624,700,1800,37.2,false
20625,250,1500,0,false
20626,500,2000,32.6,true
20627,250,1500,0,false
20628,700,1500,30.5,false
20629,1750,1750,20,false
20630,2435,2435,37.7,true
20631,650,1800,27,false
20632,500,1800,30,true
20633,600,2200,35.6,true
20634,500,1500,30.5,true
20635,600,2200,26.4,false
20636,300,0800,14.5,false
20637,2150,2150,28.1,true
20638,500,1850,24.4,false
20639,650,1400,27,false
20640,300,2000,26.88,false
20641,500,2200,33.1,true
20642,800,1900,32,true
20643,250,1800,0,false
20644,250,1400,0,false
20645,800,1800,28.6,false
20646,900,2000,33.5,true
20647,0,0,31.5,true
20648,300,1500,22.4,false
20649,500,2000,23.6,false
20650,800,1900,0,true
20651,2150,2150,27,true
20652,800,2500,37.6,true
20653,500,1800,34.7,true
20654,0,0,38,false
20655,0,0,36,true
20656,500,1800,34.7,true
20657,600,2000,31,false
20658,500,2000,23.6,false
20659,800,1800,28.6,false
20660,300,1800,27.8,false
20661,700,1800,28,false
20662,450,2600,36.4,true
20663,1850,1850,29.6,false
20664,300,2000,0,false
20665,600,1600,31,false
20666,900,1800,21,false
20667,2400,2400,37,true
20668,1200,1200,20.4,true
20669,500,1500,26.6,false
20670,2000,2000,30,false
20671,1500,1500,28.2,true
20672,250,1800,0,true
20673,500,2000,33.5,false
20674,1500,1500,28.2,true
20675,500,1350,22.5,true
20676,2000,2000,29,true
20677,500,2000,29.9,true
20678,400,2300,40,false
20679,500,1600,27,true
20680,500,1500,30.5,false
20681,800,1800,26,false
20682,300,1500,28.6,false
20683,0,0,35,true
20684,600,2000,31.24,true
20685,650,2000,30,true
20686,1500,1500,25.6,false
20687,700,1800,35.2,false
20688,500,1800,25.8,true
20689,2000,2000,22.1,true
20690,500,1700,35.5,true
20691,600,2000,29,false
20692,450,2000,29.7,true
20693,600,1500,0,true
20694,120,2500,26,false
20695,500,2000,29.9,false
20696,600,2500,33,false
20697,900,1800,30,true
20698,1400,1400,23.7,false
20699,1500,1500,28.2,true
20700,250,1800,0,true
20701,500,2000,30.7,true
20702,500,2000,34.7,true
20703,2000,2000,28.2,true
20704,500,1600,24,false
20705,2300,2300,44.4,true
20706,800,1600,35,true
20707,200,2100,28,false
20708,600,1400,26,false
20709,0,0,34.3,true
20710,500,1800,32.1,true
20711,0,0,30.5,false
20712,2700,2700,22.4,false
20713,2000,2000,22.1,true
20714,2200,2200,30,true
20715,250,1500,0,false
20716,500,1500,23.9,true
20717,700,1800,35.2,true
20718,200,1800,0,true
20719,900,2000,33.5,true
20720,500,2000,32.7,true
20721,250,1400,0,false
20722,600,1600,31,false
20723,2000,2000,34,true
20724,750,1800,29.6,true
20725,700,2200,29,false
20726,100,2000,0,false
20727,2000,2000,40,true
20728,500,2000,29.9,true
20729,600,1500,28.9,false
20730,0,0,39.9,true
20731,650,2000,30,true
20732,130,2500,39,true
20733,600,2000,36,false
20734,500,2000,32.2,true
20735,600,1800,31,false
20736,330,1600,25,false
20737,2000,2000,34,true
20738,800,2200,33.8,false
20739,300,1800,30.4,false
20740,0,0,32.1,true
20741,500,2000,31.6,false
20742,300,0800,14.5,false
20743,800,2000,0,true
20744,250,1800,0,true
20745,500,2000,32.2,true
20746,500,1800,23.46,true
20747,700,1800,35.2,false
20748,1500,1500,25.6,false
20749,500,1800,25.8,true
20750,800,3600,35.8,false
20751,500,2600,34.6,false
20752,650,1800,0,false
20753,500,1800,34.7,true
20754,800,2300,36.9,true
20755,950,2150,36.5,true
20756,800,1900,32,true
20757,0,0,36,true
20758,500,2000,32,true
20759,600,2200,35.6,true
20760,500,1650,27.8,false
20761,1700,1700,30.32,true
20762,250,2000,30.2,true
20763,400,1500,28.8,false
20764,500,1800,30,true
20765,1550,1550,25.6,true
20766,500,2000,32.6,true
20767,1800,1800,28,false
20768,900,1600,26.1,false
20769,500,1800,38,true
20770,500,1800,25.8,true
20771,600,1800,26,true
20772,500,2400,39.9,true
20773,600,2500,30,false
20774,500,2000,29.85,true
20775,500,1800,34.7,true
20776,800,2300,36.9,true
20777,800,1800,0,false
20778,500,1500,30.5,true
20779,800,1800,35,false
20780,120,3000,39.7,true
20781,800,2000,0,true
20782,500,2000,29.85,false
20783,500,2250,0,true
20784,0,0,0,true
20785,900,2000,33.5,true
20786,600,3300,28.4,false
20787,650,2000,30,false
20788,900,2500,0,false
20789,1700,1700,30.32,true
20790,2000,2000,28.2,true
20791,800,2200,23,false
20792,800,2000,31,true
20793,200,1800,0,false
20794,1500,1500,25.6,false
20795,2200,2200,24.7,false
20796,800,2200,0,false
20797,450,2600,36.4,true
20798,120,1600,22.4,false
20799,500,1800,30,true
20800,200,2200,28.9,true
20801,800,2500,29.6,false
20802,500,2100,31.6,false
20803,650,1800,28,false
20804,500,2400,39.9,true
20805,1500,1500,28.2,true
20806,500,1800,25.8,true
20807,500,2000,23.6,false
20808,500,2000,34.3,true
20809,600,3300,28.4,false
20810,600,2200,0,false
20811,0,0,36.1,true
20812,500,2250,32.9,true
20813,300,0800,14.5,false
20814,800,2000,37,true
20815,500,1500,25.8,true
20816,600,1500,27,false
20817,2000,2000,27.7,false
20818,300,1850,29.4,false
20819,140,1700,26.1,false
20820,1850,1850,29.6,false
20821,500,1500,27,false
20822,800,2000,24.5,false
20823,800,2000,28,false
20824,400,1750,30.8,true
20825,800,1600,35,true
20826,1100,1100,29.4,true
20827,650,1800,27,true
20828,120,3000,39.7,true
20829,800,1600,35,true
20830,2435,2435,37.7,true
20831,0,0,30.2,true
20832,500,1800,30,true
20833,500,2250,32.9,true
20834,900,1600,21,false
20835,500,1800,34.7,true
20836,200,1800,0,false
20837,800,1950,26,false
20838,800,2500,37.6,true
20839,300,1500,26.33,false
20840,300,1800,33.9,true
20841,900,1500,30,false
20842,2000,2000,34,true
20843,1400,1400,24.4,false
20844,1900,1900,31,true
20845,700,1600,32.5,false
20846,800,1900,0,true
20847,800,2200,33.8,false
20848,500,1800,25.6,false
20849,550,1700,29,true
20850,150,7000,47.5,false
20851,400,1600,20.2,false
20852,500,2000,33.2,true
20853,600,1200,20.5,false
20854,800,2000,37,true
20855,500,1800,33.28,true
20856,500,1800,33.28,true
20857,300,2500,23.2,false
20858,500,2250,32.9,true
20859,500,2500,28.1,true
20860,215,1500,27,true
20861,600,1500,32,false
20862,100,2700,0,false
20863,700,1800,35.2,true
20864,500,1500,25.8,true
20865,2435,2435,37.7,true
20866,1500,1500,25.6,false
20867,1500,1500,28.2,true
20868,2700,2700,22.4,false
20869,1500,1500,25.6,false
20870,700,1800,35.2,true
20871,500,1850,28,false
20872,450,2000,29.7,true
20873,200,1800,0,false
20874,0,0,0,true
20875,600,1500,32,false
20876,800,2150,29,true
20877,800,2500,37.6,true
20878,550,2500,32,false
20879,750,1800,29.6,true
20880,650,1800,31,false
20881,0,0,39.9,true
20882,250,2000,30.2,true
20883,800,1600,26,false
20884,2200,2200,36.4,true
20885,650,1800,27,false
20886,300,1800,0,false
20887,650,1750,27.2,true
20888,500,1400,24.7,true
20889,300,1400,23.9,false
20890,500,1500,23.9,true
20891,500,1500,27.6,false
20892,1500,1500,25.6,false
20893,500,2000,34.7,true
20894,1800,1800,28,false
20895,500,1850,36,false
20896,700,1800,32.5,false
20897,800,3000,33,false
20898,600,1500,28.9,false
20899,190,2300,22,false
20900,600,2000,34.3,false
20901,700,1800,32.5,false
20902,500,2000,29.9,false
20903,500,2000,32.6,true
20904,300,2000,0,false
20905,0,0,0,false
20906,300,1600,31,false
20907,200,1800,0,false
20908,600,1800,26,true
20909,800,2500,37.6,true
20910,800,2800,34.8,false
20911,2000,2000,22.1,true
20912,500,1600,24,false
20913,750,750,20.5,false
20914,0,0,0,false
20915,550,1700,29,true
20916,500,1800,30,true
20917,400,1600,22.8,false
20918,650,2000,30,false
20919,2800,2800,35,false
20920,0,0,30.5,false
20921,500,2000,32.7,true
20922,100,2200,28.87,false
20923,600,1800,32,true
20924,500,1800,30,true
20925,2700,2700,37.68,true
20926,1600,1600,36,false
20927,500,2200,34.2,true
20928,500,1700,34.1,true
20929,500,1800,23.46,true
20930,0,0,32,true
20931,200,2100,0,false
20932,700,1800,29.7,false
20933,500,1800,23.46,true
20934,600,2000,34,true
20935,500,1700,32.7,true
20936,800,2400,37.5,true
20937,2200,2200,30,true
20938,800,2500,37,true
20939,800,1600,0,false
20940,700,1500,26.4,true
20941,600,1500,32,false
20942,800,2500,37,true
20943,800,2800,35,false
20944,700,2200,36,true
20945,0,0,0,false
20946,500,1500,30.5,true
20947,600,2800,28,false
20948,600,2200,35.6,true
20949,200,1400,28.43,false
20950,500,1350,0,true
20951,700,1500,26.4,true
20952,500,2000,31.2,false
20953,700,1800,35.2,true
20954,300,1200,23,false
20955,100,7000,59.14,false
20956,600,2000,34.5,false
20957,300,1850,29.4,false
20958,500,1800,33.6,false
20959,900,2500,0,false
20960,800,2500,29.6,false
20961,0,0,34.3,true
20962,500,1600,27,true
20963,900,1800,30,true
20964,100,3000,33,false
20965,500,1500,30.8,false
20966,600,2000,24.4,false
20967,0,0,0,false
20968,500,2000,32.2,true
20969,500,1650,27.8,false
20970,300,1500,28.6,false
20971,300,2200,34.4,false
20972,500,1850,38,false
20973,1850,1850,29.6,false
20974,500,1800,32.1,true
20975,500,2000,31.2,false
20976,500,1500,30.5,false
20977,500,2000,32.2,true
20978,0,0,39.9,true
20979,500,2200,34.2,true
20980,500,1800,35.2,true
20981,600,2400,30,false
20982,1800,1800,23,false
20983,500,2000,32.2,true
20984,400,1800,24.7,false
20985,500,2000,34,true
20986,500,1650,27.8,false
20987,500,1800,25.6,false
20988,500,1500,38.5,false
20989,500,1800,38,true
20990,500,1800,17.8,true
20991,500,1800,23.46,true
20992,2700,2700,22.4,false
20993,500,1200,29.2,false
20994,500,1800,30,true
20995,500,1800,30,true
20996,300,1500,22.4,false
20997,300,1300,20,false
20998,200,1800,0,false
20999,600,1500,32,false
21000,2150,2150,27,true
21001,500,1500,25.8,true
21002,800,1500,24.4,false
21003,500,1500,29.5,false
21004,200,1800,24.4,false
21005,200,1800,22.5,true
21006,800,2500,37.6,true
21007,600,1600,31,false
21008,1800,1800,31.6,false
21009,650,2200,30,true
21010,500,1800,38,true
21011,300,1400,28,false
21012,600,1800,27.7,false
21013,2000,2000,34,true
21014,0,0,35,true
21015,600,2000,0,false
21016,300,1500,26.4,true
21017,250,1800,0,true
21018,2200,2200,0,true
21019,650,1800,31.5,true
21020,500,2000,34.3,true
21021,600,2500,30,false
21022,650,2000,30,true
21023,900,2000,33.5,true
21024,800,2000,0,true
21025,2150,2150,28.1,true
21026,500,2000,22.3,true
21027,1000,1000,18.8,true
21028,500,1850,38,false
21029,2150,2150,27,true
21030,200,1800,23.5,false
21031,500,2200,34.2,true
21032,1550,1550,25.6,true
21033,300,1200,23,false
21034,500,2000,33.2,true
21035,800,1800,0,true
21036,2100,2100,43,true
21037,600,1700,28.6,false
21038,750,1200,19.6,false
21039,2500,2500,0,false
21040,500,1800,30,true
21041,800,3600,35.8,false
21042,650,1900,26,true
21043,700,1800,38,false
21044,215,1500,27,true
21045,800,2000,0,true
21046,500,1200,23.6,false
21047,800,1850,36.8,false
21048,900,2500,30,false
21049,2000,2000,36,false
21050,500,1800,31.3,true
21051,2500,2500,39.5,true
21052,0,0,0,true
21053,800,2000,32,true
21054,300,1300,21,false
21055,600,2000,34.5,false
21056,800,2000,31,false
21057,1600,1600,25.4,false
21058,200,1800,0,false
21059,500,1700,25.47,true
21060,500,2000,22.6,true
21061,800,2000,32,true
21062,500,1500,30.5,true
21063,120,2600,27.2,false
21064,800,2200,35,true
21065,650,2000,30,true
21066,600,1800,31.8,true
21067,2000,2000,27,true
21068,400,1600,39.8,true
21069,800,2300,36.9,true
21070,600,2200,26.4,false
21071,500,2200,23.8,false
21072,1800,1800,32.1,true
21073,500,1600,0,false
21074,800,2000,0,true
21075,500,1800,35.2,true
21076,600,1500,28.9,false
21077,550,2200,36.4,true
21078,600,1800,26,true
21079,200,1700,0,false
21080,700,1800,37.2,false
21081,2400,2400,27.3,false
21082,400,1750,30.8,true
21083,200,1800,22.5,true
21084,250,1800,0,true
21085,900,1300,19.8,false
21086,1500,1500,35,true
21087,500,1650,0,false
21088,600,2000,34.5,false
21089,800,2000,29,false
21090,2000,2000,29,true
21091,800,2000,32,true
21092,200,2100,24.4,false
21093,800,2150,29,false
21094,200,1800,0,false
21095,500,2300,28,true
21096,800,2000,34,true
21097,500,2000,36,true
21098,700,1500,26.4,true
21099,500,1800,30,true
21100,500,1800,17.8,true
21101,500,1400,27.2,true
21102,800,1800,25,false
21103,500,1800,23.46,true
21104,800,1600,26,false
21105,500,2200,33.1,true
21106,600,1400,22.5,false
21107,600,2200,35.6,true
21108,0,0,0,false
21109,500,1800,32.1,true
21110,500,1800,32,true
21111,200,1900,22.5,true
21112,800,2000,31,true
21113,800,2500,37.6,true
21114,500,2000,32.6,true
21115,0,0,31.5,true
21116,500,1800,32.5,false
21117,800,2150,29,true
21118,500,1200,23.6,false
21119,0,0,0,false
21120,500,1500,27,false
21121,700,1500,27,false
21122,900,1300,19.8,false
21123,2400,2400,40,true
21124,600,2200,26.4,false
21125,500,1500,27,false
21126,600,2000,34,true
21127,700,2200,36,true
21128,700,1800,35.2,true
21129,500,1800,35.2,true
21130,0,0,0,true
21131,550,1700,29,true
21132,0,0,30.5,false
21133,600,2200,35.6,true
21134,500,2000,22.6,true
21135,500,2000,22.3,true
21136,700,1800,32.5,false
21137,2000,2000,36.9,true
21138,500,2000,23.9,false
21139,100,2000,29.1,false
21140,700,1800,35.2,true
21141,800,2800,35.2,false
21142,800,1900,32,true
21143,1800,1800,35,false
21144,500,2000,34,true
21145,100,5500,56,false
21146,300,1800,33.9,true
21147,800,1800,0,true
21148,500,2000,31.2,false
21149,300,1400,0,false
21150,800,2800,35,false
21151,700,1300,24,false
21152,1400,1400,26.7,false
21153,600,1800,24,false
21154,600,2000,29.4,false
21155,700,1800,32.5,false
21156,300,1500,29.75,false
21157,2150,2150,27,true
21158,500,2000,31.6,true
21159,600,3000,30.54,false
21160,200,1800,0,false
21161,0,0,0,false
21162,500,2400,39.9,true
21163,500,2000,28,true
21164,700,1800,35.2,true
21165,500,1800,32.1,true
21166,500,2200,36.8,true
21167,500,1800,25.6,false
21168,900,2000,33.5,true
21169,800,2200,31,false
21170,600,1400,22.5,false
21171,800,1500,24,false
21172,500,1500,23.9,true
21173,800,2000,0,true
21174,800,2200,33.8,false
21175,0,0,0,false
21176,700,1800,35.2,false
21177,150,1500,28.6,false
21178,800,2200,30,false
21179,500,1400,22,false
21180,200,1800,24.4,false
21181,700,1800,35.2,true
21182,1600,1600,26,false
21183,700,1800,35.2,true
21184,150,3600,34.7,false
21185,500,2200,36.8,true
21186,800,1800,25,false
21187,2000,2000,40,true
21188,400,1400,23.7,false
21189,650,2000,30,true
21190,100,3000,31.5,false
21191,130,2500,39,true
21192,800,2000,0,false
21193,500,1800,32.1,true
21194,1300,1300,14.6,false
21195,650,1800,27,true
21196,500,2000,39.1,true
21197,200,1800,22.5,true
21198,200,1900,22.5,true
21199,500,2200,25.8,false
21200,2000,2000,23.1,false
21201,500,2000,34.3,true
21202,700,1800,37.2,false
21203,500,2200,35.2,false
21204,600,1500,0,true
21205,900,2000,0,false
21206,130,2650,27.5,false
21207,100,2700,0,false
21208,190,2300,22,false
21209,500,1500,30.5,false
21210,300,1400,23.9,false
21211,1500,1500,25.6,true
21212,1500,1500,35,true
21213,300,1400,0,false
21214,800,1800,25,false
21215,400,1050,22,false
21216,600,2500,33,false
21217,500,2200,34.2,true
21218,500,1800,35,true
21219,800,2500,37.6,true
21220,2150,2150,28.1,false
21221,500,2200,36.8,true
21222,2500,2500,28.3,false
21223,2200,2200,23.4,false
21224,500,1400,24.7,true
21225,500,1850,36,false
21226,500,2000,31.6,true
21227,800,2000,37,true
21228,600,2400,40,true
21229,700,1300,23,false
21230,2800,2800,42.5,false
21231,700,1300,23,false
21232,500,1800,30,true
21233,700,1800,35.2,true
21234,600,1500,32,false
21235,900,2800,34,false
21236,700,1800,35.2,false
21237,300,1500,22,false
21238,300,1400,18,false
21239,4500,4500,35,false
21240,100,2000,33,true
21241,0,0,31.5,true
21242,0,0,30,true
21243,100,2600,33.4,false
21244,2000,2000,31.4,true
21245,145,2000,0,true
21246,800,1500,26.4,true
21247,600,1600,31,false
21248,800,1900,34.5,false
21249,700,1800,35.2,true
21250,500,2000,34.3,true
21251,500,2000,34.3,true
21252,600,2200,35,false
21253,1100,1100,29.4,true
21254,2000,2000,29,true
21255,600,1800,31,false
21256,250,1800,0,true
21257,150,2800,27.7,false
21258,300,1200,24.9,false
21259,400,1800,38,false
21260,4800,4800,36,false
21261,600,1800,37.1,true
21262,800,1650,0,false
21263,800,2600,32,false
21264,900,1500,30,false
21265,0,0,0,true
21266,500,1800,31.3,true
21267,650,2000,30,true
21268,600,2500,30,false
21269,800,2500,37.6,true
21270,800,2500,37.6,true
21271,300,2000,0,false
21272,700,1800,35.2,false
21273,600,1500,28.9,false
21274,2000,2000,22.1,true
21275,2400,2400,24,false
21276,600,2200,35.6,true
21277,800,3600,35.8,false
21278,350,1800,22.9,false
21279,500,1800,33.28,true
21280,500,2000,22.3,true
21281,800,1800,21,false
21282,100,1700,28,false
21283,800,1300,20,false
21284,2000,2000,22.5,false
21285,600,1800,34.1,true
21286,300,1200,24.9,false
21287,500,1500,27.3,false
21288,700,1800,35.2,true
21289,500,1800,30,true
21290,900,1500,30,false
21291,800,2500,37.6,true
21292,800,2500,29.6,false
21293,1800,1800,0,true
21294,900,2000,33.5,false
21295,550,1700,29,true
21296,500,2500,23,true
21297,300,1200,24.9,false
21298,600,2200,36.6,true
21299,600,2200,36.6,true
21300,600,1500,32,false
21301,800,2800,35.2,false
21302,500,1600,35,false
21303,300,1200,24.9,false
21304,500,1400,26.2,true
21305,800,2150,29,true
21306,500,1500,23.9,true
21307,100,2000,20,true
21308,900,2200,34.6,false
21309,2400,2400,27,true
21310,0,0,0,false
21311,800,3300,32.5,false
21312,500,1800,33.6,false
21313,200,2100,24.4,false
21314,300,2300,28.83,false
21315,900,2000,31.5,false
21316,1500,1500,25.6,false
21317,800,2700,25,false
21318,500,1800,25.6,false
21319,500,1800,35.2,true
21320,2000,2000,23.1,false
21321,500,2000,30.7,true
21322,150,2500,25,false
21323,800,1500,27,false
21324,600,2000,32,false
21325,400,1800,28,true
21326,800,3000,30.5,false
21327,2500,2500,28.3,false
21328,800,1900,28.8,true
21329,500,2000,33.2,true
21330,600,1800,37.1,true
21331,5500,5500,0,false
21332,140,2800,32,false
21333,1700,1700,30.32,true
21334,150,1700,26.4,false
21335,100,1500,24.53,false
21336,900,1600,21,false
21337,500,1700,31,false
21338,0,0,0,false
21339,800,1800,31.6,false
21340,300,1400,0,false
21341,700,1800,29.7,false
21342,500,1800,35.2,true
21343,600,2200,23.8,false
21344,800,2150,29,true
21345,500,1600,35,false
21346,600,2200,35.6,true
21347,300,1300,21,false
21348,800,2800,33.4,false
21349,500,1800,35.2,true
21350,900,1700,30,false
21351,800,1500,29,false
21352,300,1500,29.75,false
21353,600,1600,23.4,true
21354,160,2000,31.5,false
21355,4500,4500,39,false
21356,500,1600,30,false
21357,600,2000,0,false
21358,600,1800,27.6,false
21359,800,2000,37,true
21360,600,2400,40,true
21361,2200,2200,30.1,false
21362,2400,2400,27,true
21363,0,0,0,false
21364,800,2000,38.2,true
21365,200,1800,24.4,false
21366,200,2100,0,false
21367,100,1800,26.3,false
21368,500,2000,32.6,true
21369,500,1800,33.6,false
21370,500,1500,30.5,false
21371,500,2200,34.2,true
21372,700,1800,35.2,false
21373,650,1800,27,false
21374,1850,1850,29.6,true
21375,500,2000,29.85,true
21376,500,1800,35.2,true
21377,2200,2200,23.3,false
21378,600,2500,25,false
21379,0,0,0,false
21380,200,1400,28.43,false
21381,650,2000,22.95,false
21382,500,1600,23.5,false
21383,500,2300,28,true
21384,800,1800,28,true
21385,100,1500,24.53,false
21386,700,1800,37.6,false
21387,500,1500,30.5,false
21388,500,1500,30.5,false
21389,500,1600,23.5,false
21390,405,2400,36.2,true
21391,2200,2200,30,true
21392,160,2000,31.5,false
21393,160,2000,31.5,true
21394,800,2400,17,false
21395,100,2200,30.1,false
21396,500,2000,0,false
21397,2200,2200,27,false
21398,2200,2200,31.6,false
21399,200,1800,24.4,false
21400,900,1500,30,false
21401,600,2500,45,false
21402,800,2300,0,true
21403,650,1800,30,true
21404,1500,1500,26.8,true
21405,2300,2300,44.5,true
21406,300,1200,24.9,false
21407,2700,2700,22.4,false
21408,500,2000,32.6,true
21409,600,1800,26.2,false
21410,500,2000,34.3,true
21411,400,1500,26.4,true
21412,600,2200,25.8,false
21413,500,2200,33.5,true
21414,600,1800,32.5,true
21415,800,2200,33.8,false
21416,800,2150,29,true
21417,500,1800,35.2,true
21418,100,1800,26.3,false
21419,300,1300,21,false
21420,800,1800,21.3,false
21421,600,3000,30,false
21422,400,1800,28,true
21423,2200,2200,22,false
21424,0,0,35.98,false
21425,800,2150,29,false
21426,500,1600,27,true
21427,800,2400,35,true
21428,800,2200,23,false
21429,100,1800,26.3,false
21430,800,2000,29,true
21431,2000,2000,0,true
21432,100,4000,40,false
21433,500,2000,33.67,false
21434,600,2400,40,true
21435,100,2000,20,true
21436,700,1300,24,false
21437,600,1300,25.4,false
21438,500,2000,33.67,false
21439,200,1800,24.4,false
21440,500,1800,41.5,false
21441,200,2100,0,false
21442,400,1800,28,false
21443,500,1800,30,true
21444,2700,2700,22.4,false
21445,600,1800,35,true
21446,500,1700,35.5,true
21447,1800,1800,0,true
21448,700,1800,35.2,false
21449,600,2000,29,false
21450,0,0,31.5,true
21451,1500,1500,0,false
21452,1600,1600,35.6,true
21453,700,1800,35.2,false
21454,700,1800,35.2,false
21455,300,1950,29.4,false
21456,500,1800,25,false
21457,800,1500,29,false
21458,600,2000,34.5,false
21459,500,1600,27,true
21460,800,2800,0,false
21461,400,1800,25,true
21462,700,1600,31.5,false
21463,500,1300,30.7,false
21464,500,2500,28.1,true
21465,0,0,0,true
21466,4200,4200,44,false
21467,800,1800,21,false
21468,100,2000,20,false
21469,120,2000,27.36,true
21470,900,1200,19,false
21471,0,0,0,false
21472,0,0,0,false
21473,100,2000,39.9,false
21474,800,2200,35,false
21475,150,7000,47.5,false
21476,400,1400,28,false
21477,800,2500,27.3,false
21478,700,1300,25,false
21479,900,1300,21,false
21480,800,2800,33,false
21481,600,2200,39.29,true
21482,900,1600,26.1,false
21483,500,2300,35,true
21484,2200,2200,30,false
21485,900,1300,22.5,false
21486,800,1500,26.4,true
21487,300,1400,28,false
21488,1600,1600,36,false
21489,300,1400,18,false
21490,650,2000,30,false
21491,650,2000,30,true
21492,300,1200,24.9,false
21493,500,1800,32.1,true
21494,500,1600,21,false
21495,900,1600,36,true
21496,250,1600,0,false
21497,700,1500,26.4,true
21498,500,1800,32.5,false
21499,1500,1500,25.6,false
21500,500,1700,35.5,true
21501,200,1800,22.5,true
21502,1500,1500,25.6,false
21503,900,2000,31.5,true
21504,2200,2200,23.8,false
21505,300,1850,29.4,false
21506,500,2200,33.5,true
21507,500,1800,26.8,false
21508,800,1800,32,true
21509,1850,1850,29.6,true
21510,2150,2150,28.1,true
21511,500,1500,30.5,false
21512,300,1950,29.4,false
21513,120,3400,26,false
21514,500,2200,36.8,true
21515,650,1800,27,true
21516,2150,2150,27,true
21517,500,2000,0,false
21518,3200,3200,25.17,false
21519,800,2000,38,false
21520,600,2600,24.5,false
21521,900,2500,19.5,false
21522,800,1800,31.6,false
21523,600,2000,36,false
21524,2500,2500,23.8,false
21525,2000,2000,39,true
21526,600,2500,45,false
21527,400,1400,28,false
21528,0,0,0,false
21529,800,2000,21.9,false
21530,800,2400,27,true
21531,600,1800,32.4,false
21532,300,1400,31.1,false
21533,1100,1100,19,false
21534,500,4000,39.03,false
21535,500,1800,31.3,true
21536,500,1800,31.3,true
21537,200,1800,24.4,false
21538,0,0,22.5,false
21539,0,0,0,false
21540,600,1800,31,false
21541,800,2000,23.6,false
21542,800,1500,27,false
21543,500,2000,32.6,true
21544,500,1800,32.1,true
21545,700,1800,35.2,true
21546,500,1500,24.6,false
21547,600,1700,27.7,false
21548,600,1700,27.7,true
21549,900,2000,31.5,false
21550,500,2000,33.2,true
21551,200,1900,22.5,true
21552,600,2000,26.5,false
21553,700,1800,35.2,true
21554,1600,1600,35.6,true
21555,1500,1500,25.6,true
21556,600,1800,32,true
21557,700,1800,35.2,true
21558,700,1800,35.2,true
21559,800,2800,35.2,false
21560,2000,2000,23.1,false
21561,2000,2000,28.2,true
21562,600,2000,29.7,true
21563,800,2000,34,true
21564,600,1800,25,false
21565,2000,2000,22.1,true
21566,100,2500,29.8,false
21567,800,1700,26.9,true
21568,900,2000,22.1,false
21569,1750,1750,29.8,true
21570,900,2000,24,false
21571,125,2800,35,false
21572,750,1200,19.6,false
21573,120,2100,48,false
21574,135,2600,27.5,false
21575,700,1200,19,false
21576,600,2400,40,false
21577,500,2000,0,false
21578,900,2000,14,false
21579,600,2000,14,false
21580,600,1800,27.6,false
21581,800,2200,38.1,false
21582,100,2000,20,true
21583,1500,1500,18.8,false
21584,100,3000,0,false
21585,1600,1600,21,false
21586,800,1700,26.9,true
21587,300,1300,24.9,false
21588,120,2500,28,false
21589,900,2500,30,false
21590,0,0,0,false
21591,500,2000,30,true
21592,0,0,0,false
21593,650,2200,31.67,false
21594,800,3300,32.5,false
21595,2000,2000,36.9,true
21596,2000,2000,36.9,true
21597,150,2500,25,false
21598,800,1800,25,false
21599,850,2200,29.8,false
21600,200,1800,24.4,false
21601,300,1400,28,false
21602,700,1500,26.4,true
21603,800,1600,32.6,true
21604,700,1800,35.2,true
21605,300,1600,25,false
21606,650,2000,30,false
21607,800,1600,26.1,false
21608,500,1500,27,false
21609,800,1500,25,true
21610,500,2000,41,false
21611,750,1600,26.7,false
21612,750,2000,40.4,false
21613,700,1800,35.2,false
21614,500,1600,0,false
21615,500,2000,32.6,true
21616,500,1600,23.5,true
21617,1500,1500,25.2,false
21618,1500,1500,25.6,false
21619,800,2000,31,false
21620,500,2200,39.1,true
21621,150,2500,23,false
21622,500,2000,22.3,true
21623,500,1800,25.6,false
21624,800,1850,36.8,false
21625,600,1500,32,false
21626,700,1800,37.6,false
21627,1850,1850,29.6,true
21628,500,1800,35.2,true
21629,900,2000,31.2,false
21630,700,1800,35.2,false
21631,300,1950,29.4,false
21632,2000,2000,27.7,true
21633,400,1800,28,true
21634,600,1600,32,false
21635,800,1700,22,false
21636,405,2400,36.2,true
21637,0,0,0,true
21638,100,2200,0,false
21639,800,1500,27,false
21640,500,2500,23,true
21641,110,6000,53.8,false
21642,0,0,0,false
21643,500,2500,23,true
21644,800,2150,29,true
21645,900,2200,24.1,false
21646,500,1500,30.5,false
21647,2150,2150,28.1,true
21648,100,2000,21,false
21649,800,2800,35,false
21650,0,0,0,false
21651,2000,2000,24,false
21652,2400,2400,24,false
21653,100,1600,26,false
21654,120,1800,39,false
21655,1300,1300,21.2,false
21656,2200,2200,31.2,false
21657,600,2400,0,true
21658,500,1600,30,false
21659,0,0,0,false
21660,650,1400,28,false
21661,100,2600,36.6,true
21662,800,1500,24,false
21663,600,1900,31.5,false
21664,600,2500,33,false
21665,500,2000,35,true
21666,600,2200,37,true
21667,500,1350,0,true
21668,600,1600,30.2,false
21669,1800,1800,29.2,false
21670,800,800,15,false
21671,500,1800,31.3,true
21672,600,2200,0,false
21673,1600,1600,37.3,true
21674,600,1800,34.1,true
21675,0,0,0,false
21676,500,1500,18.2,false
21677,500,1800,31.3,true
21678,500,1500,25,true
21679,500,1600,0,false
21680,500,1800,35.4,true
21681,800,2300,0,true
21682,650,2000,15,true
21683,300,1600,25,false
21684,900,2500,0,false
21685,1100,1100,25,true
21686,800,2200,27.4,true
21687,650,2000,0,false
21688,150,2500,25,false
21689,800,1900,28.8,true
21690,900,2000,31.5,false
21691,600,1600,34,true
21692,600,1800,35,true
21693,500,2000,33.2,true
21694,500,2000,34.3,true
21695,2150,2150,28.1,false
21696,600,2200,25.8,false
21697,600,2200,0,false
21698,2000,2000,23.1,false
21699,800,1850,36.8,false
21700,800,2000,35.2,true
21701,0,0,24.6,false
21702,500,2200,32.3,false
21703,2150,2150,27,true
21704,2000,2000,27.7,true
21705,600,2000,29.7,true
21706,1800,1800,23,false
21707,120,3000,44.5,false
21708,1600,1600,35.6,true
21709,800,2500,35,false
21710,2200,2200,24,false
21711,500,1600,31,false
21712,500,2000,32.6,true
21713,800,1800,28,false
21714,800,2000,35.2,true
21715,700,1800,35.2,false
21716,2600,2600,24.5,false
21717,2200,2200,22,false
21718,2200,2200,17,false
21719,135,2600,27,false
21720,100,3000,25.3,false
21721,135,2400,24,false
21722,600,3000,26.5,false
21723,650,2200,31.67,false
21724,120,3000,38,false
21725,900,2300,30,false
21726,300,1350,0,false
21727,100,1600,17.6,false
21728,1300,1300,24.1,false
21729,500,2000,0,false
21730,470,1900,37,false
21731,1200,1200,25,false
21732,120,2000,27.36,true
21733,120,1500,22,false
21734,100,1500,25,false
21735,100,6000,55.8,false
21736,100,4500,45.9,false
21737,0,0,0,false
21738,400,1350,0,false
21739,750,1600,25.4,false
21740,100,2500,31.92,false
21741,900,1300,21,false
21742,900,1300,21,false
21743,210,2100,28.8,false
21744,2500,2500,30,true
21745,100,1500,24.53,false
21746,700,1400,31.1,false
21747,1300,1300,26.6,false
21748,600,2200,39.29,true
21749,100,2000,20,true
21750,500,1600,28.9,false
21751,500,2300,35,true
21752,300,1300,21,false
21753,300,1400,27.3,false
21754,500,1200,19,false
21755,600,2400,35,true
21756,700,700,18.5,false
21757,500,1500,18.2,false
21758,200,1800,24.4,false
21759,700,1800,35.2,true
21760,900,1800,36,true
21761,900,1800,36,true
21762,900,1800,30,true
21763,150,2800,27.7,false
21764,100,2000,0,false
21765,700,1300,0,false
21766,800,1500,22,true
21767,1100,1100,25,true
21768,600,1800,32,true
21769,800,1800,27.8,true
21770,500,2000,28,true
21771,500,1800,30,true
21772,500,1500,27,false
21773,750,1600,26.7,false
21774,600,1700,27.7,false
21775,600,1800,27.7,false
21776,600,1700,27.7,true
21777,600,1500,23,false
21778,600,2500,29.5,false
21779,500,1800,35,true
21780,500,1600,23.5,true
21781,600,1800,35,true
21782,500,2000,33.2,true
21783,200,1900,22.5,true
21784,500,2000,34.3,true
21785,2700,2700,22.4,false
21786,300,1500,26.4,true
21787,700,1500,30.5,false
21788,500,1800,20.2,false
21789,800,2800,35.2,false
21790,800,1600,20.2,false
21791,900,2000,31.5,true
21792,400,1800,35.5,true
21793,1500,1500,25.6,true
21794,800,1600,29,false
21795,1500,1500,25.6,true
21796,600,1800,32,true
21797,800,2150,29,true
21798,1850,1850,29.6,false
21799,500,1800,22.8,false
21800,300,1950,29.4,false
21801,2150,2150,27,true
21802,500,2000,30.7,true
21803,0,0,0,true
21804,2000,2000,27.7,true
21805,500,1800,26.8,false
21806,800,2000,34,true
21807,400,1800,28,true
21808,600,1400,22.5,false
21809,800,2300,31.6,false
21810,150,2500,28,false
21811,800,1700,26.9,true
21812,500,4000,39.03,false
21813,750,1500,25.5,false
21814,120,2500,26,false
21815,200,1800,23.5,false
21816,800,2200,38,false
21817,800,2200,38,false
21818,120,2500,43,false
21819,2900,2900,29.58,false
21820,900,1700,30,false
21821,100,2150,39,false
21822,700,1400,26,false
21823,170,2400,24,false
21824,0,0,0,false
21825,120,1800,23,false
21826,100,2200,20,false
21827,120,2500,28,false
21828,500,2000,24,false
21829,900,2400,26.4,false
21830,700,1200,19,false
21831,600,1800,34.6,false
21832,120,2000,27.36,true
21833,2400,2400,30,false
21834,100,2400,30,false
21835,700,700,19,false
21836,0,0,0,false
21837,600,1800,27.6,false
21838,120,3000,33,true
21839,600,2400,40,false
21840,150,2600,22.7,false
21841,600,1300,24.5,false
21842,100,2200,0,false
21843,900,1300,21,false
21844,2000,2000,39,true
21845,1200,1200,22.4,false
21846,900,1300,25,false
21847,800,2000,27,false
21848,2200,2200,23,false
21849,800,1800,33,true
21850,500,1300,30.7,false
21851,1800,1800,21,false
21852,150,2500,35,true
21853,700,1200,19.3,false
21854,2000,2000,22,false
21855,800,1200,18,false
21856,500,1500,21,false
21857,400,1350,22.5,false
21858,500,2000,35,true
21859,0,0,0,false
21860,600,2200,39.29,true
21861,600,2200,23.8,false
21862,500,1800,21.2,true
21863,300,1500,29.8,false
21864,500,1800,31.3,true
21865,500,1800,31.3,true
21866,300,1400,19,false
21867,900,1500,30,false
21868,600,1800,34.1,true
21869,600,1800,34.1,true
21870,0,0,0,false
21871,2500,2500,26.4,true
21872,650,3000,30,false
21873,800,2400,35,true
21874,800,2000,33.2,false
21875,600,2500,33,false
21876,0,0,0,true
21877,200,1800,24.4,false
21878,120,1350,22.5,false
21879,120,2100,30,false
21880,500,1800,31.3,true
21881,800,2200,25,false
21882,800,1800,29,false
21883,600,1800,31,false
21884,900,1800,36,true
21885,600,1800,34.1,true
21886,550,1700,29,true
21887,500,2300,28,true
21888,120,1500,0,true
21889,300,1300,21,false
21890,120,1500,0,true
21891,600,2500,30,false
21892,500,1800,30,true
21893,600,1500,23,false
21894,500,2300,28,true
21895,500,1500,25,true
21896,800,3000,33,false
21897,600,1800,27.7,false
21898,600,1750,27.7,false
21899,600,1700,27.7,true
21900,600,1700,27.7,true
21901,500,1600,0,true
21902,500,1400,0,false
21903,400,1050,22,false
21904,400,1050,22,false
21905,500,1800,25,true
21906,500,2000,32.6,true
21907,1500,1500,0,true
21908,1800,1800,30.2,false
21909,500,2000,31.8,false
21910,800,2000,29,true
21911,2200,2200,28.5,false
21912,600,2200,23.8,false
21913,500,1600,20.2,false
21914,900,2000,31.5,true
21915,400,1800,25,true
21916,400,1800,35.5,true
21917,900,4000,36,false
21918,500,1800,26.8,false
21919,800,1800,32,true
21920,2200,2200,38,true
21921,800,1600,29,false
21922,500,2250,32.9,true
21923,500,2250,32.9,true
21924,2150,2150,28.1,true
21925,800,3600,35.8,false
21926,800,3600,35.8,false
21927,700,1800,35.2,true
21928,900,2000,31.5,true
21929,900,2000,31.5,true
21930,500,1800,35.2,true
21931,800,1500,30.5,false
21932,500,2200,25.8,false
21933,500,2200,25.8,false
21934,1750,1750,29.8,true
21935,2000,2000,27.7,true
21936,500,1800,26.8,false
21937,120,5000,42.5,false
21938,2750,2750,28.2,false
21939,500,2000,30.7,true
21940,0,0,22.5,false
21941,700,1800,37.6,false
21942,800,1800,32,true
21943,400,1800,28,true
21944,1500,1500,0,true
21945,800,2300,31.6,false
21946,800,2150,29,true
21947,0,0,0,false
21948,0,0,19,false
21949,2200,2200,22,false
21950,0,0,0,false
21951,2200,2200,18,false
21952,130,2000,24,false
21953,100,1600,28,false
21954,800,2000,33.2,false
21955,115,2300,32,false
21956,470,1900,27.3,false
21957,300,2500,31.07,false
21958,0,0,0,false
21959,120,2500,28,false
21960,120,2800,28,false
21961,100,2800,28,false
21962,900,2600,30,false
21963,900,2300,30,false
21964,800,1500,24,false
21965,100,1950,33,false
21966,2200,2200,23.8,false
21967,2600,2600,33,false
21968,300,2500,16,false
21969,600,2000,0,false
21970,750,2500,41.5,false
21971,120,1800,30,false
21972,800,1200,18,false
21973,750,1500,25.5,false
21974,900,2200,34.6,false
21975,0,0,0,false
21976,700,2400,27.4,true
21977,0,0,16,false
21978,500,1300,21,false
21979,120,2600,27.8,false
21980,850,1200,24,false
21981,100,2000,37.1,false
21982,750,2500,27,false
21983,800,1600,0,false
21984,900,2800,31,false
21985,0,0,26,false
21986,900,2400,32.5,false
21987,2200,2200,23.4,false
21988,120,2600,27.2,false
21989,950,1350,21,false
21990,500,2000,41,false
21991,140,2800,32,false
21992,1600,1600,24,false
21993,125,2800,35,false
21994,400,1350,0,false
21995,400,1350,0,false
21996,300,2500,31.07,false
21997,800,1500,29,false
21998,100,2200,30.1,false
21999,130,1800,34,false
22000,800,2600,32,false
22001,0,0,0,false
22002,600,1800,27.6,false
22003,900,2400,25.8,false
22004,140,2200,38,false
22005,600,2500,45,false
22006,1600,1600,20.5,true
22007,2000,2000,36,false
22008,0,0,0,false
22009,2300,2300,29,false
22010,1500,1500,21.4,false
22011,1500,1500,24.4,false
22012,500,1300,30.7,false
22013,800,1600,30.2,false
22014,2000,2000,25,false
22015,120,2500,43,true
22016,800,1800,26,false
22017,800,1600,30.2,false
22018,800,1800,33,true
22019,700,1500,28.5,false
22020,800,2600,32,false
22021,2400,2400,40.33,true
22022,600,2400,38,true
22023,100,2500,31.92,false
22024,100,3800,43.4,false
22025,500,2000,22.5,false
22026,600,2500,30,true
22027,800,2800,28,false
22028,500,1500,24.6,false
22029,500,1800,34.79,false
22030,135,2400,24,false
22031,0,0,0,false
22032,600,1000,23,false
22033,100,2200,28.87,false
22034,2200,2200,0,false
22035,900,1800,32.4,false
22036,750,1800,28,false
22037,100,2000,0,false
22038,100,2000,0,false
22039,600,1600,0,false
22040,150,4000,37.5,false
22041,2400,2400,40.33,true
22042,800,2000,24,false
22043,150,3400,26,false
22044,120,2000,27.36,true
22045,150,2500,35,true
22046,600,1000,23,false
22047,300,1500,29.5,false
22048,600,1850,38,true
22049,800,1800,26,false
22050,140,2000,28.9,false
22051,900,2500,30,false
22052,0,0,0,false
22053,600,1600,30.2,false
22054,450,4500,27.8,false
22055,500,2000,0,false
22056,800,2500,28.8,false
22057,800,1800,29.2,false
22058,160,1800,29.2,false
22059,1800,1800,29.2,false
22060,500,2000,30,true
22061,800,1500,30.8,false
22062,600,2200,39.29,true
22063,300,1800,23.6,false
22064,300,1500,29.8,false
22065,120,3500,62.88,false
22066,300,1400,19,false
22067,600,2200,39.3,true
22068,900,1500,30,false
22069,500,1500,24.8,false
22070,0,0,0,true
22071,750,1600,26.7,false
22072,750,1500,26.5,false
22073,500,2300,28,true
22074,200,1800,24.4,false
22075,0,0,22.5,false
22076,0,0,22.5,false
22077,120,2500,26,false
22078,120,2500,26,false
22079,100,2000,28,false
22080,800,1800,29,false
22081,800,1800,29,false
22082,700,1800,35.2,true
22083,700,1800,35.2,true
22084,300,2300,28.26,false
22085,100,5000,51.7,false
22086,900,1800,30,true
22087,800,1500,30.8,false
22088,300,1300,21,false
22089,300,1300,33,false
22090,600,1800,34.1,true
22091,500,2300,28,true
22092,650,2000,30,true
22093,600,2200,38,false
22094,1800,1800,28,false
22095,0,0,25,false
22096,600,1600,30.2,false
22097,600,1700,27.7,false
22098,600,1700,27.7,false
22099,600,1800,27.7,false
22100,600,1750,27.7,false
22101,300,2000,0,false
22102,800,1800,23,true
22103,800,1800,28,true
22104,500,2500,23,true
22105,700,1300,23,false
22106,700,1500,26.4,true
22107,120,2400,0,true
22108,600,1200,0,true
22109,1500,1500,25.6,false
22110,500,1800,20.2,false
22111,600,2200,23.8,false
22112,600,2200,23.8,false
22113,2200,2200,23.1,false
22114,2200,2200,23.3,false
22115,800,1600,32.6,false
22116,500,1600,30,false
22117,2200,2200,0,false
22118,1500,1500,0,false
22119,2200,2200,0,false
22120,1500,1500,25.6,true
22121,600,1500,31,false
22122,900,2300,30.5,false
22123,800,1800,32,true
22124,800,2000,35.2,true
22125,1500,1500,25.6,true
22126,2000,2000,29,true
22127,500,1800,32,true
22128,600,2200,25.8,false
22129,500,2000,29.85,false
22130,900,2000,32.5,true
22131,800,3600,35.8,false
22132,800,3600,35.8,false
22133,800,3600,35.8,false
22134,500,1800,35.2,true
22135,500,1800,28,false
22136,500,1800,28,false
22137,500,1800,28,false
22138,650,1750,27.2,true
22139,600,2000,29.7,true
22140,500,1800,26.8,false
22141,100,2200,36.7,true
22142,2400,2400,26.2,false
22143,750,1600,25.5,false
22144,900,1300,21,false
22145,120,5000,42.5,false
22146,0,0,0,false
22147,2800,2800,22,false
22148,100,5000,49.8,false
22149,200,6000,44.88,false
22150,900,2600,31,false
22151,2500,2500,21,false
22152,1300,1300,0,false
22153,1700,1700,17,false
22154,2500,2500,27,false
22155,800,1700,16,false
22156,120,2400,26.9,false
22157,100,1600,28,false
22158,115,2300,32,false
22159,115,2100,30,false
22160,125,2800,35,false
22161,130,2000,24,false
22162,800,1300,16,false
22163,650,2200,0,false
22164,100,2000,38,false
22165,1800,1800,20,false
22166,1000,1000,21,false
22167,1800,1800,23,false
22168,0,0,0,false
22169,200,3600,45.9,false
22170,2400,2400,31,false
22171,2400,2400,26.2,false
22172,800,2800,34,false
22173,2400,2400,30,false
22174,170,3100,33.4,false
22175,500,3400,34.2,false
22176,0,0,0,false
22177,2500,2500,22.41,false
22178,0,0,26.5,false
22179,470,1900,27.3,false
22180,470,1900,27.3,false
22181,2600,2600,28,false
22182,140,2600,30,false
22183,140,2800,32,false
22184,100,2200,28,false
22185,150,2500,22,false
22186,100,2200,30.1,false
22187,800,1500,27.2,false
22188,800,1500,32,false
22189,120,2800,35,false
22190,120,2800,30,false
22191,900,1800,30,false
22192,0,0,0,false
22193,0,0,0,false
22194,0,0,0,false
22195,500,1700,36.4,false
22196,2500,2500,34,false
22197,740,3700,40,false
22198,600,3700,46.5,false
22199,800,3300,32.5,false
22200,100,2500,43.3,false
22201,125,1950,25,false
22202,110,2300,24.5,false
22203,120,2500,27.2,false
22204,2200,2200,30.1,false
22205,2200,2200,30.1,false
22206,2200,2200,25,false
22207,2500,2500,25,false
22208,2200,2200,30.1,false
22209,100,2000,0,false
22210,100,2000,0,false
22211,1600,1600,28,false
22212,300,1600,26.5,false
22213,100,2000,20,false
22214,120,2200,27,false
22215,0,0,0,true
22216,600,2000,36,false
22217,800,1800,21,false
22218,800,1800,21,false
22219,800,1800,21,false
22220,1800,1800,23,false
22221,900,2200,22.5,false
22222,600,1800,26.8,false
22223,2500,2500,0,false
22224,3000,3000,0,false
22225,100,2000,24,false
22226,800,1800,21,false
22227,2200,2200,25,false
22228,800,2000,28,false
22229,0,0,0,false
22230,100,6000,48,false
22231,900,2500,24,false
22232,0,0,33.67,false
22233,2600,2600,28,false
22234,900,2200,28.1,false
22235,1500,1500,19,false
22236,700,1200,26.7,false
22237,900,1500,32.1,false
22238,500,1500,27.6,false
22239,500,1500,27.6,false
22240,500,1500,27.6,false
22241,400,2800,40.7,false
22242,800,2000,0,false
22243,700,1200,19,false
22244,700,1200,19,false
22245,900,2000,36,true
22246,800,1800,31.6,false
22247,700,1200,19,false
22248,800,2800,27,false
22249,1300,1300,19,false
22250,800,2800,34,false
22251,500,1300,24.7,false
22252,0,0,0,false
22253,3500,3500,30.6,false
22254,800,2800,34,false
22255,800,2150,39,false
22256,100,3000,28,false
22257,900,2800,31,false
22258,500,1300,24.7,false
22259,100,2800,22,false
22260,300,1600,32.15,false
22261,100,2200,32,false
22262,0,0,0,false
22263,300,2500,31.07,false
22264,0,0,0,false
22265,700,700,19,false
22266,800,2000,44,false
22267,800,2200,31.2,true
22268,800,2200,32.8,true
22269,100,2500,26,false
22270,130,1800,34,false
22271,500,2000,0,false
22272,900,2000,0,true
22273,900,2000,0,true
22274,900,2000,0,true
22275,900,1400,27,false
22276,180,2200,38,false
22277,900,2600,33,false
22278,1600,1600,20.5,true
22279,100,2200,33.5,false
22280,120,2800,24,false
22281,100,2200,33.5,false
22282,2000,2000,31.05,false
22283,150,2500,33.5,true
22284,150,2500,33.5,true
22285,100,2000,39.9,false
22286,0,0,0,false
22287,900,1300,21,false
22288,500,1300,30.7,false
22289,120,2800,22,false
22290,900,2200,23.5,false
22291,800,2800,34,false
22292,500,2000,22.5,false
22293,2500,2500,30,true
22294,2500,2500,30,true
22295,800,2800,27,false
22296,500,1800,38.4,false
22297,120,2100,48,false
22298,600,1300,25.4,false
22299,700,1500,28.5,false
22300,600,1400,28,false
22301,800,1400,20,false
22302,800,2200,27.9,false
22303,650,1400,28,false
22304,100,2300,46.6,true
22305,600,2200,39.29,true
22306,100,2600,36.6,true
22307,100,2600,36.6,true
22308,100,2600,36.6,true
22309,1800,1800,22.3,false
22310,700,1800,28.8,true
22311,1500,1500,24.6,false
22312,600,1600,0,false
22313,600,1600,0,false
22314,4200,4200,31.8,false
22315,0,0,0,false
22316,500,1600,25.3,false
22317,150,2400,30,false
22318,120,2800,28,false
22319,2200,2200,22,false
22320,2200,2200,20,false
22321,150,2500,35,true
22322,1400,1400,19.2,false
22323,600,1900,28.9,false
22324,500,1600,30,false
22325,800,1800,20,false
22326,300,1300,21,false
22327,800,1200,18,false
22328,700,1800,28.8,true
22329,150,2500,35,true
22330,650,1400,28,false
22331,600,1800,32.4,true
22332,500,1800,30,true
22333,600,2200,37,true
22334,600,1900,27,false
22335,800,2200,27.4,true
22336,0,0,0,false
22337,300,2500,33,false
22338,300,2500,33,false
22339,800,1800,29.2,false
22340,1600,1600,21,false
22341,800,1800,32.6,false
22342,800,2700,23,false
22343,800,2700,23,false
22344,800,1800,29.2,false
22345,1800,1800,29.2,false
22346,800,1800,29.2,false
22347,800,1600,20.2,false
22348,800,1600,20.2,false
22349,800,1800,29.2,false
22350,2200,2200,23.3,false
22351,100,1600,17.6,false
22352,800,2000,38.2,true
22353,300,1700,36.4,false
22354,300,2500,31.1,false
22355,300,2500,31.1,false
22356,650,2200,31.67,false
22357,300,1500,29.8,false
22358,500,2000,33.67,false
22359,100,2650,33,false
22360,400,1800,24.3,false
22361,300,1400,26.8,false
22362,800,2200,27.4,true
22363,0,0,0,true
22364,100,2100,27.1,false
22365,500,2300,28,true
22366,600,1600,32,false
22367,600,1600,32,false
22368,900,2500,30,false
22369,800,2800,27,false
22370,300,1800,26.7,false
22371,500,1800,30,true
22372,900,1800,30,true
22373,400,1800,33,false
22374,500,1500,25,true
22375,900,2000,33.5,true
22376,600,1900,28.9,false
22377,800,1800,0,true
22378,200,1400,28.43,false
22379,150,2500,35,true
22380,500,1600,31,false
22381,800,1800,31.6,false
22382,120,2800,34.48,false
22383,300,1200,25.1,false
22384,800,1800,23,true
22385,800,1800,23,true
22386,800,2200,0,true
22387,600,3000,28.71,false
22388,800,1800,0,true
22389,120,2400,0,true
22390,2700,2700,22.4,false
22391,300,1300,21,false
22392,900,2000,31.5,true
22393,2200,2200,26.8,false
22394,800,1600,20.2,false
22395,2200,2200,23.8,false
22396,800,2700,23,false
22397,900,2000,31.5,false
22398,600,2200,25.8,false
22399,600,2200,25.8,false
22400,700,1800,35.2,false
22401,700,1800,35.2,false
22402,600,2200,35,false
22403,500,1600,20.2,false
22404,500,1600,20.2,false
22405,1600,1600,26.4,false
22406,500,1600,20.2,false
22407,700,1800,32.5,false
22408,700,1800,32.5,false
22409,2000,2000,23.1,false
22410,2000,2000,23.1,false
22411,800,1800,29.2,false
22412,900,2000,33.5,true
22413,900,2000,31.5,true
22414,900,2000,31.5,true
22415,1850,1850,29.6,false
22416,1500,1500,25.6,true
22417,800,1850,36.8,false
22418,800,1800,30,true
22419,800,1800,32,true
22420,800,2000,31,true
22421,700,1800,37.1,false
22422,800,1600,37.8,false
22423,800,1600,29,false
22424,2150,2150,28.1,true
22425,800,2300,0,true
22426,500,1800,35.2,true
22427,700,1800,35.2,true
22428,700,1800,35.2,false
22429,700,1800,35.2,false
22430,700,1800,35.2,false
22431,600,2000,29.7,true
